<?xml version="1.0" encoding="utf-8"?>
<templates>
  <template type="admin" title="widget_def_options_xt_lmo_widget" version_id="1000070" version_string="1.0.0"><![CDATA[<hr class="formRowSep" />

<xf:numberboxrow name="options[time]" value="{$options.time}" min="1"
                 label="{{ phrase('xt_lmo_time') }}" units="{{ phrase('units_hours') }}" 
				 explain="{{ phrase('xt_lmo_widget_time_explain') }}" />

<xf:numberboxrow name="options[limit]" value="{$options.limit}" min="10"
                 label="{{ phrase('maximum_usernames') }}"
                 explain="{{ phrase('xt_lmo_widget_max_usernames_explain') }}" />

<xf:checkboxrow>
    <xf:option name="options[usercount]" value="1" selected="{$options.usercount}"
			   hint="{{ phrase('xt_lmo_widget_usercount_explain') }}">
		{{ phrase('xt_lmo_usercount') }}
	</xf:option>
</xf:checkboxrow>

<xf:radiorow name="options[sort]" value="{{ $options.sort ?: 'last_activity' }}"
             label="{{ phrase('order_by') }}">

    <xf:option value="user_id"
               label="{{ phrase('user_id') }}" />
    <xf:option value="username"
               label="{{ phrase('user_name') }}" />
    <xf:option value="register_date"
               label="{{ phrase('register_date') }}" />
    <xf:option value="last_activity"
               label="{{ phrase('last_activity') }}" />
</xf:radiorow>

<xf:radiorow name="options[order]" value="{{ $options.order ?: 'DESC' }}"
             label="{{ phrase('sort_by') }}">

    <xf:option value="DESC"
               label="{{ phrase('descending') }}" />
    <xf:option value="ASC"
               label="{{ phrase('ascending') }}" />
</xf:radiorow>

<xf:radiorow name="options[style]" value="{{ $options.style ?: 'name' }}"
	label="{{ phrase('display_style') }}">

	<xf:option value="name"
		label="{{ phrase('user_name') }}"
		hint="{{ phrase('xt_lmo_widget_display_username_explain') }}" />
	<xf:option value="avatar"
		label="{{ phrase('avatar') }}"
		hint="{{ phrase('xt_lmo_widget_display_avatar_explain') }}" />
</xf:radiorow>]]></template>
  <template type="public" title="xt_lmo_widget" version_id="1000070" version_string="1.0.0"><![CDATA[<xf:css src="at_lmo_widget.less"  />

<div class="block"{{ widget_data($widget) }}>
    <div class="block-container">
        <h3 class="block-minorHeader">{{ $title }}</h3>
        <div class="block-body block-row">
            <xf:if is="$users is not empty">
				<xf:if is="$style == 'name'">
					<ul class="listInline listInline--comma">
						<xf:foreach loop="$users" value="$user">
							<xf:trim>
								<li><xf:username user="$user" rich="true" class="{{ !$user.visible ? 'username--invisible' : '' }}" /></li>
							</xf:trim>
						</xf:foreach>
					</ul>
					<xf:elseif is="$style == 'avatar'" />
					<ul class="listHeap">
						<xf:foreach loop="$users" value="$user">
							<li>
								<xf:avatar user="$user" size="xs" img="true" />
							</li>
						</xf:foreach>
					</ul>
				</xf:if>
                <ul class="listInline">
                    <xf:if is="$usercounted_more >= 0">
                        {{ phrase('ellipsis_and_x_more', {'count': $usercounted_more}) }}
                    </xf:if>
                </ul>
			<xf:else />
                {{ phrase('xt_lmo_no_members_online_x', {'time': $options.time}) }}
            </xf:if>
        </div>
        <xf:if is="$options.usercount">
            <div class="block-footer">
				<span class="block-footer-counter">{{ phrase('xt_lmo_usercount_x_in_y',{
				'count': $usercounted,
				'time': $options.time}) }}</span>
            </div>
        </xf:if>
    </div>
</div>]]></template>
  <template type="public" title="xt_lmo_widget.less" version_id="100010" version_string="1.0.0 Alpha"><![CDATA[]]></template>
</templates>
