{
    "src/addons/XT/LastMemberOnline/addon.json": "cedc7983730001e01af1fcbe342fce7bb00883f5643e4d644b253ded68b0f584",
    "src/addons/XT/LastMemberOnline/Setup.php": "c1cb2221700a663a42dab37ee29d370d194c800f1b6ac12c9a2e0910ac5c9c5b",
    "src/addons/XT/LastMemberOnline/Widget/LastOnline.php": "f5e123cd8fae5183a13a92e77abb024d777817cced0ca50fdebdeb183b5ba20a",
    "src/addons/XT/LastMemberOnline/_data/activity_summary_definitions.xml": "99d8c2563a31320d66f958fc8bda78613545f5f7959bb3cf5318805e3a3c39d2",
    "src/addons/XT/LastMemberOnline/_data/admin_navigation.xml": "064ec797484ac00d5ee37367b50b06846d11f480d00550997712707f8fdac8c0",
    "src/addons/XT/LastMemberOnline/_data/admin_permission.xml": "ec6fb97cebf0bceb24f1ed1d5778c1db54eeb7535fbb3e31d824840e7aa9ff87",
    "src/addons/XT/LastMemberOnline/_data/advertising_positions.xml": "d2f7cbe844bb1df3cf878d22ff6306249245c8ff6b0b87b9b729744bec538261",
    "src/addons/XT/LastMemberOnline/_data/api_scopes.xml": "6793eaf758f140e8137187ba20e65f4faccf53410433ae3ad7a8b3b38cb6b3b7",
    "src/addons/XT/LastMemberOnline/_data/bb_codes.xml": "faa4ddd5f4a365e5ac39aebdcbe2d25aedf74e7eb9ea4a812766e2fd5e13bdb1",
    "src/addons/XT/LastMemberOnline/_data/bb_code_media_sites.xml": "29762987990187b33e43cfb68c08dc917b2d3f0176613d78f8e6c453f82da3f3",
    "src/addons/XT/LastMemberOnline/_data/class_extensions.xml": "1f548b8006e9952a3f5889f71e09fdfa6726ac1a47c1af7b2626d1a88920d5a4",
    "src/addons/XT/LastMemberOnline/_data/code_events.xml": "8370dec3df47f91df4cf79da253446ad11b29f4ea568fe76c774e97a0379f0eb",
    "src/addons/XT/LastMemberOnline/_data/code_event_listeners.xml": "d6b5072f4909dee7a20ee9e44b163f95c8aa52e6ac7f573e292000cd9238c331",
    "src/addons/XT/LastMemberOnline/_data/content_type_fields.xml": "c7ad5472b28f465b7ac7617627707eba1b7a39d28089460d52e1ed292fc0b06a",
    "src/addons/XT/LastMemberOnline/_data/cron.xml": "323c4284742ef24329cd6db6f288eb9736d2353f36852e1db12591e1583aea26",
    "src/addons/XT/LastMemberOnline/_data/help_pages.xml": "a8a0c0b06cdc550438bc8a8d385af3e1e5ab3459877dfb934c1c31be59c89163",
    "src/addons/XT/LastMemberOnline/_data/member_stats.xml": "89fb2b93ff1eca7a1f6f752248edf6090dfd24037db1446fd18ff7143f08124d",
    "src/addons/XT/LastMemberOnline/_data/navigation.xml": "f75e1c03a45a360bbdfcd0567121665082315068475d5b0feb8b1acbb1688651",
    "src/addons/XT/LastMemberOnline/_data/options.xml": "1cea29aa5671733d85c8fc6f7c66128eacbca5643cbb38585eb82002879b51a4",
    "src/addons/XT/LastMemberOnline/_data/option_groups.xml": "154d7a89664b243d0bd8227c22e241f934bf7e196c83230ee23d3c0c4fba1333",
    "src/addons/XT/LastMemberOnline/_data/permissions.xml": "7e4fc7d5826733d15ea2d8936b9bdd41afcaad810eb38e50da3c8d8eafda1550",
    "src/addons/XT/LastMemberOnline/_data/permission_interface_groups.xml": "3177224e96458b829aa7fb24866dda9e0455a4922aee3d669b53f59a1ffdf5d1",
    "src/addons/XT/LastMemberOnline/_data/phrases.xml": "a035c3ae73e5d423cc0d011d2a2cab6b617c35bcc5c42610592d9609e35929bd",
    "src/addons/XT/LastMemberOnline/_data/routes.xml": "550fa64f9feedf137dd877b38c2684f94474619d2d83890dbb717a91b50da8f5",
    "src/addons/XT/LastMemberOnline/_data/style_properties.xml": "8b8690a8512f01f219dd2da76e3d0c5f62afc1f317b87794a7331c859c36a7a8",
    "src/addons/XT/LastMemberOnline/_data/style_property_groups.xml": "68e1879cb3846c42d978487aa8d5145ff3335fc39e58016878824d5cf3fd684c",
    "src/addons/XT/LastMemberOnline/_data/templates.xml": "52315385eba445a1489c4cca644465b46cc8ff3eab3650aeec5beabc9e224e43",
    "src/addons/XT/LastMemberOnline/_data/template_modifications.xml": "3b54b7df00a6a4a18c5e012b6e2588e35c23aaa13a5fc227f08646a97590d778",
    "src/addons/XT/LastMemberOnline/_data/widget_definitions.xml": "b980333aceb4e54dd4d51f66b692d11623526f413eaf81b84b4c602489687beb",
    "src/addons/XT/LastMemberOnline/_data/widget_positions.xml": "a29cee66134f6bc5d75ed9df1eef21096c24401915c5b5c774389c3d7bb2d5b3"
}